[
    {
        "name": "My new obj",
        "children": {
            "1": {
                "name": "FCO",
                "isMeta": true,
                "metaType": "FCO",
                "children": {}
            },
            "9": {
                "name": "Examples",
                "isMeta": false,
                "metaType": "Folder",
                "children": {
                    "J": {
                        "name": "RailwaySystem",
                        "isMeta": false,
                        "metaType": "Railway_system",
                        "children": {
                            "4": {
                                "name": "Donelson_Station",
                                "isMeta": false,
                                "metaType": "Station",
                                "children": {}
                            },
                            "8": {
                                "name": "Connection",
                                "isMeta": false,
                                "metaType": "Connection",
                                "src": "Donelson_Station",
                                "dst": "TerminalA"
                            },
                            "9": {
                                "name": "Atlanta",
                                "isMeta": false,
                                "metaType": "Station",
                                "children": {}
                            },
                            "m": {
                                "name": "Connection",
                                "isMeta": false,
                                "metaType": "Connection",
                                "src": "TerminalB",
                                "dst": "St.Louis"
                            },
                            "A": {
                                "name": "Connection",
                                "isMeta": false,
                                "metaType": "Connection",
                                "src": "TerminalB",
                                "dst": "Tallahassee"
                            },
                            "e": {
                                "name": "Connection",
                                "isMeta": false,
                                "metaType": "Connection",
                                "src": "TerminalA",
                                "dst": "TerminalB"
                            },
                            "N": {
                                "name": "Nashville",
                                "isMeta": false,
                                "metaType": "Station",
                                "children": {}
                            },
                            "g": {
                                "name": "Connection",
                                "isMeta": false,
                                "metaType": "Connection",
                                "src": "TerminalB",
                                "dst": "TerminalA"
                            },
                            "t": {
                                "name": "Riverfront_Station",
                                "isMeta": false,
                                "metaType": "Station",
                                "children": {}
                            },
                            "y": {
                                "name": "Connection",
                                "isMeta": false,
                                "metaType": "Connection",
                                "src": "Nashville",
                                "dst": "Riverfront_Station"
                            },
                            "n": {
                                "name": "Connection",
                                "isMeta": false,
                                "metaType": "Connection",
                                "src": "Nashville",
                                "dst": "Donelson_Station"
                            },
                            "Q": {
                                "name": "St.Louis",
                                "isMeta": false,
                                "metaType": "Station",
                                "children": {}
                            },
                            "F": {
                                "name": "TerminalA",
                                "isMeta": false,
                                "metaType": "Terminal",
                                "children": {}
                            },
                            "K": {
                                "name": "TerminalB",
                                "isMeta": false,
                                "metaType": "Terminal",
                                "children": {}
                            },
                            "U": {
                                "name": "TerminalA",
                                "isMeta": false,
                                "metaType": "Terminal",
                                "children": {}
                            },
                            "v": {
                                "name": "TerminalB",
                                "isMeta": false,
                                "metaType": "Terminal",
                                "children": {}
                            },
                            "W": {
                                "name": "Connection",
                                "isMeta": false,
                                "metaType": "Connection",
                                "src": "Donelson_Station",
                                "dst": "TerminalB"
                            },
                            "T": {
                                "name": "Connection",
                                "isMeta": false,
                                "metaType": "Connection",
                                "src": "Riverfront_Station",
                                "dst": "TerminalA"
                            },
                            "C": {
                                "name": "Connection",
                                "isMeta": false,
                                "metaType": "Connection",
                                "src": "Riverfront_Station",
                                "dst": "TerminalB"
                            },
                            "E": {
                                "name": "Montgomery",
                                "isMeta": false,
                                "metaType": "Station",
                                "children": {}
                            },
                            "c": {
                                "name": "NewYorkCity",
                                "isMeta": false,
                                "metaType": "Station",
                                "children": {}
                            },
                            "S": {
                                "name": "Tallahassee",
                                "isMeta": false,
                                "metaType": "Station",
                                "children": {}
                            },
                            "H": {
                                "name": "Connection",
                                "isMeta": false,
                                "metaType": "Connection",
                                "src": "TerminalA",
                                "dst": "NewYorkCity"
                            },
                            "k": {
                                "name": "Connection",
                                "isMeta": false,
                                "metaType": "Connection",
                                "src": "TerminalB",
                                "dst": "NewYorkCity"
                            },
                            "w": {
                                "name": "Connection",
                                "isMeta": false,
                                "metaType": "Connection",
                                "src": "TerminalB",
                                "dst": "Montgomery"
                            },
                            "aI": {
                                "name": "Connection",
                                "isMeta": false,
                                "metaType": "Connection",
                                "src": "TerminalA",
                                "dst": "Atlanta"
                            }
                        }
                    }
                }
            },
            "d": {
                "name": "MetaModel",
                "isMeta": true,
                "metaType": "MetaModel",
                "children": {
                    "S": {
                        "name": "Connection",
                        "isMeta": true,
                        "metaType": "Connection",
                        "children": {}
                    },
                    "f": {
                        "name": "Interface",
                        "isMeta": true,
                        "metaType": "Interface",
                        "children": {}
                    },
                    "h": {
                        "name": "Terminal",
                        "isMeta": true,
                        "metaType": "Terminal",
                        "children": {}
                    },
                    "L": {
                        "name": "Train",
                        "isMeta": true,
                        "metaType": "Train",
                        "children": {}
                    },
                    "y": {
                        "name": "Station",
                        "isMeta": true,
                        "metaType": "Station",
                        "children": {}
                    },
                    "o": {
                        "name": "Railway_system",
                        "isMeta": true,
                        "metaType": "Railway_system",
                        "children": {}
                    },
                    "H": {
                        "name": "Folder",
                        "isMeta": true,
                        "metaType": "Folder",
                        "children": {}
                    }
                }
            }
        }
    }
]